Country Name,Country Code,Indicator Name,Indicator Code,Desempleo
Aruba,ABW,"Desempleo, total (% de la población activa total) (estimación modelado OIT)",SL.UEM.TOTL.ZS,
Afganistán,AFG,"Desempleo, total (% de la población activa total) (estimación modelado OIT)",SL.UEM.TOTL.ZS,11.1639995574951
Angola,AGO,"Desempleo, total (% de la población activa total) (estimación modelado OIT)",SL.UEM.TOTL.ZS,6.77400016784668
Albania,ALB,"Desempleo, total (% de la población activa total) (estimación modelado OIT)",SL.UEM.TOTL.ZS,12.8129997253418
Andorra,AND,"Desempleo, total (% de la población activa total) (estimación modelado OIT)",SL.UEM.TOTL.ZS,
El mundo árabe,ARB,"Desempleo, total (% de la población activa total) (estimación modelado OIT)",SL.UEM.TOTL.ZS,10.1914721927035
Emiratos Árabes Unidos,ARE,"Desempleo, total (% de la población activa total) (estimación modelado OIT)",SL.UEM.TOTL.ZS,2.44700002670288
Argentina,ARG,"Desempleo, total (% de la población activa total) (estimación modelado OIT)",SL.UEM.TOTL.ZS,10.4359998703003
Armenia,ARM,"Desempleo, total (% de la población activa total) (estimación modelado OIT)",SL.UEM.TOTL.ZS,16.625
Samoa Americana,ASM,"Desempleo, total (% de la población activa total) (estimación modelado OIT)",SL.UEM.TOTL.ZS,
Antigua y Barbuda,ATG,"Desempleo, total (% de la población activa total) (estimación modelado OIT)",SL.UEM.TOTL.ZS,
Australia,AUS,"Desempleo, total (% de la población activa total) (estimación modelado OIT)",SL.UEM.TOTL.ZS,5.32800006866455
Austria,AUT,"Desempleo, total (% de la población activa total) (estimación modelado OIT)",SL.UEM.TOTL.ZS,4.77899980545044
Azerbaiyán,AZE,"Desempleo, total (% de la población activa total) (estimación modelado OIT)",SL.UEM.TOTL.ZS,5.96000003814697
Burundi,BDI,"Desempleo, total (% de la población activa total) (estimación modelado OIT)",SL.UEM.TOTL.ZS,1.40799999237061
Bélgica,BEL,"Desempleo, total (% de la población activa total) (estimación modelado OIT)",SL.UEM.TOTL.ZS,5.69199991226196
Benin,BEN,"Desempleo, total (% de la población activa total) (estimación modelado OIT)",SL.UEM.TOTL.ZS,2.02300000190735
Burkina Faso,BFA,"Desempleo, total (% de la población activa total) (estimación modelado OIT)",SL.UEM.TOTL.ZS,6.41400003433228
Bangladesh,BGD,"Desempleo, total (% de la población activa total) (estimación modelado OIT)",SL.UEM.TOTL.ZS,4.15100002288818
Bulgaria,BGR,"Desempleo, total (% de la población activa total) (estimación modelado OIT)",SL.UEM.TOTL.ZS,3.84999990463257
Bahrein,BHR,"Desempleo, total (% de la población activa total) (estimación modelado OIT)",SL.UEM.TOTL.ZS,0.763000011444092
Bahamas,BHS,"Desempleo, total (% de la población activa total) (estimación modelado OIT)",SL.UEM.TOTL.ZS,11.2700004577637
Bosnia y Herzegovina,BIH,"Desempleo, total (% de la población activa total) (estimación modelado OIT)",SL.UEM.TOTL.ZS,18.4379997253418
Belarús,BLR,"Desempleo, total (% de la población activa total) (estimación modelado OIT)",SL.UEM.TOTL.ZS,4.625
Belice,BLZ,"Desempleo, total (% de la población activa total) (estimación modelado OIT)",SL.UEM.TOTL.ZS,6.35699987411499
Bermudas,BMU,"Desempleo, total (% de la población activa total) (estimación modelado OIT)",SL.UEM.TOTL.ZS,
Bolivia,BOL,"Desempleo, total (% de la población activa total) (estimación modelado OIT)",SL.UEM.TOTL.ZS,3.45000004768372
Brasil,BRA,"Desempleo, total (% de la población activa total) (estimación modelado OIT)",SL.UEM.TOTL.ZS,11.9659996032715
Barbados,BRB,"Desempleo, total (% de la población activa total) (estimación modelado OIT)",SL.UEM.TOTL.ZS,10.9379997253418
Brunei Darussalam,BRN,"Desempleo, total (% de la población activa total) (estimación modelado OIT)",SL.UEM.TOTL.ZS,9.04399967193604
Bhután,BTN,"Desempleo, total (% de la población activa total) (estimación modelado OIT)",SL.UEM.TOTL.ZS,2.39000010490417
Botswana,BWA,"Desempleo, total (% de la población activa total) (estimación modelado OIT)",SL.UEM.TOTL.ZS,18.7210006713867
República Centroafricana,CAF,"Desempleo, total (% de la población activa total) (estimación modelado OIT)",SL.UEM.TOTL.ZS,3.69600009918213
Canadá,CAN,"Desempleo, total (% de la población activa total) (estimación modelado OIT)",SL.UEM.TOTL.ZS,5.41200017929077
Europa Central y del Báltico,CEB,"Desempleo, total (% de la población activa total) (estimación modelado OIT)",SL.UEM.TOTL.ZS,3.64184778674425
Suiza,CHE,"Desempleo, total (% de la población activa total) (estimación modelado OIT)",SL.UEM.TOTL.ZS,4.84899997711182
Islas del Canal,CHI,"Desempleo, total (% de la población activa total) (estimación modelado OIT)",SL.UEM.TOTL.ZS,7.53499984741211
Chile,CHL,"Desempleo, total (% de la población activa total) (estimación modelado OIT)",SL.UEM.TOTL.ZS,7.09600019454956
China,CHN,"Desempleo, total (% de la población activa total) (estimación modelado OIT)",SL.UEM.TOTL.ZS,4.36999988555908
Côte d'Ivoire,CIV,"Desempleo, total (% de la población activa total) (estimación modelado OIT)",SL.UEM.TOTL.ZS,3.42300009727478
Camerún,CMR,"Desempleo, total (% de la población activa total) (estimación modelado OIT)",SL.UEM.TOTL.ZS,3.42799997329712
"Congo, República Democrática del",COD,"Desempleo, total (% de la población activa total) (estimación modelado OIT)",SL.UEM.TOTL.ZS,4.25
"Congo, República del",COG,"Desempleo, total (% de la población activa total) (estimación modelado OIT)",SL.UEM.TOTL.ZS,9.2819995880127
Colombia,COL,"Desempleo, total (% de la población activa total) (estimación modelado OIT)",SL.UEM.TOTL.ZS,9.74400043487549
Comoras,COM,"Desempleo, total (% de la población activa total) (estimación modelado OIT)",SL.UEM.TOTL.ZS,4.36600017547607
Cabo Verde,CPV,"Desempleo, total (% de la población activa total) (estimación modelado OIT)",SL.UEM.TOTL.ZS,12.3179998397827
Costa Rica,CRI,"Desempleo, total (% de la población activa total) (estimación modelado OIT)",SL.UEM.TOTL.ZS,12.7340002059937
Estados pequeos del Caribe,CSS,"Desempleo, total (% de la población activa total) (estimación modelado OIT)",SL.UEM.TOTL.ZS,8.09252687371501
Cuba,CUB,"Desempleo, total (% de la población activa total) (estimación modelado OIT)",SL.UEM.TOTL.ZS,1.5900000333786
Curacao,CUW,"Desempleo, total (% de la población activa total) (estimación modelado OIT)",SL.UEM.TOTL.ZS,
Islas Caimán,CYM,"Desempleo, total (% de la población activa total) (estimación modelado OIT)",SL.UEM.TOTL.ZS,
Chipre,CYP,"Desempleo, total (% de la población activa total) (estimación modelado OIT)",SL.UEM.TOTL.ZS,7.23400020599365
República Checa,CZE,"Desempleo, total (% de la población activa total) (estimación modelado OIT)",SL.UEM.TOTL.ZS,1.9099999666214
Alemania,DEU,"Desempleo, total (% de la población activa total) (estimación modelado OIT)",SL.UEM.TOTL.ZS,3.02500009536743
Djibouti,DJI,"Desempleo, total (% de la población activa total) (estimación modelado OIT)",SL.UEM.TOTL.ZS,10.3229999542236
Dominica,DMA,"Desempleo, total (% de la población activa total) (estimación modelado OIT)",SL.UEM.TOTL.ZS,
Dinamarca,DNK,"Desempleo, total (% de la población activa total) (estimación modelado OIT)",SL.UEM.TOTL.ZS,4.84600019454956
República Dominicana,DOM,"Desempleo, total (% de la población activa total) (estimación modelado OIT)",SL.UEM.TOTL.ZS,5.91900014877319
Argelia,DZA,"Desempleo, total (% de la población activa total) (estimación modelado OIT)",SL.UEM.TOTL.ZS,11.5249996185303
Asia oriental y el Pacífico (excluido altos ingresos),EAP,"Desempleo, total (% de la población activa total) (estimación modelado OIT)",SL.UEM.TOTL.ZS,3.95141288594115
inicial del dividendo demográfico,EAR,"Desempleo, total (% de la población activa total) (estimación modelado OIT)",SL.UEM.TOTL.ZS,5.84416442953266
Asia oriental y el Pacífico,EAS,"Desempleo, total (% de la población activa total) (estimación modelado OIT)",SL.UEM.TOTL.ZS,3.89788836686589
Europa y Asia central (excluido altos ingresos),ECA,"Desempleo, total (% de la población activa total) (estimación modelado OIT)",SL.UEM.TOTL.ZS,7.37641112054856
Europa y Asia central,ECS,"Desempleo, total (% de la población activa total) (estimación modelado OIT)",SL.UEM.TOTL.ZS,6.63157168344996
Ecuador,ECU,"Desempleo, total (% de la población activa total) (estimación modelado OIT)",SL.UEM.TOTL.ZS,4.23799991607666
"Egipto, República Árabe de",EGY,"Desempleo, total (% de la población activa total) (estimación modelado OIT)",SL.UEM.TOTL.ZS,10.1280002593994
Zona del Euro,EMU,"Desempleo, total (% de la población activa total) (estimación modelado OIT)",SL.UEM.TOTL.ZS,7.25474786040081
Eritrea,ERI,"Desempleo, total (% de la población activa total) (estimación modelado OIT)",SL.UEM.TOTL.ZS,5.17199993133545
España,ESP,"Desempleo, total (% de la población activa total) (estimación modelado OIT)",SL.UEM.TOTL.ZS,13.0150003433228
Estonia,EST,"Desempleo, total (% de la población activa total) (estimación modelado OIT)",SL.UEM.TOTL.ZS,5.37900018692017
Etiopía,ETH,"Desempleo, total (% de la población activa total) (estimación modelado OIT)",SL.UEM.TOTL.ZS,2.08200001716614
Unión Europea,EUU,"Desempleo, total (% de la población activa total) (estimación modelado OIT)",SL.UEM.TOTL.ZS,6.44527981451198
Frágiles y situaciones de conflicto afectados,FCS,"Desempleo, total (% de la población activa total) (estimación modelado OIT)",SL.UEM.TOTL.ZS,6.99455717638459
Finlandia,FIN,"Desempleo, total (% de la población activa total) (estimación modelado OIT)",SL.UEM.TOTL.ZS,6.65899991989136
Fiji,FJI,"Desempleo, total (% de la población activa total) (estimación modelado OIT)",SL.UEM.TOTL.ZS,4.07999992370605
Francia,FRA,"Desempleo, total (% de la población activa total) (estimación modelado OIT)",SL.UEM.TOTL.ZS,8.33800029754639
Islas Feroe,FRO,"Desempleo, total (% de la población activa total) (estimación modelado OIT)",SL.UEM.TOTL.ZS,
Micronesia (Estados Federados de),FSM,"Desempleo, total (% de la población activa total) (estimación modelado OIT)",SL.UEM.TOTL.ZS,
Gabón,GAB,"Desempleo, total (% de la población activa total) (estimación modelado OIT)",SL.UEM.TOTL.ZS,20.1450004577637
Reino Unido,GBR,"Desempleo, total (% de la población activa total) (estimación modelado OIT)",SL.UEM.TOTL.ZS,4.11499977111816
Georgia,GEO,"Desempleo, total (% de la población activa total) (estimación modelado OIT)",SL.UEM.TOTL.ZS,14.7419996261597
Ghana,GHA,"Desempleo, total (% de la población activa total) (estimación modelado OIT)",SL.UEM.TOTL.ZS,4.50899982452393
Gibraltar,GIB,"Desempleo, total (% de la población activa total) (estimación modelado OIT)",SL.UEM.TOTL.ZS,
Guinea,GIN,"Desempleo, total (% de la población activa total) (estimación modelado OIT)",SL.UEM.TOTL.ZS,4.32999992370605
Gambia,GMB,"Desempleo, total (% de la población activa total) (estimación modelado OIT)",SL.UEM.TOTL.ZS,9.10700035095215
Guinea-Bissau,GNB,"Desempleo, total (% de la población activa total) (estimación modelado OIT)",SL.UEM.TOTL.ZS,2.48699998855591
Guinea Ecuatorial,GNQ,"Desempleo, total (% de la población activa total) (estimación modelado OIT)",SL.UEM.TOTL.ZS,6.46999979019165
Grecia,GRC,"Desempleo, total (% de la población activa total) (estimación modelado OIT)",SL.UEM.TOTL.ZS,15.4739999771118
Granada,GRD,"Desempleo, total (% de la población activa total) (estimación modelado OIT)",SL.UEM.TOTL.ZS,
Groenlandia,GRL,"Desempleo, total (% de la población activa total) (estimación modelado OIT)",SL.UEM.TOTL.ZS,
Guatemala,GTM,"Desempleo, total (% de la población activa total) (estimación modelado OIT)",SL.UEM.TOTL.ZS,2.50699996948242
Guam,GUM,"Desempleo, total (% de la población activa total) (estimación modelado OIT)",SL.UEM.TOTL.ZS,5.67500019073486
Guyana,GUY,"Desempleo, total (% de la población activa total) (estimación modelado OIT)",SL.UEM.TOTL.ZS,11.8129997253418
Ingreso alto,HIC,"Desempleo, total (% de la población activa total) (estimación modelado OIT)",SL.UEM.TOTL.ZS,4.81121841198256
"Hong Kong, Región Administrativa Especial",HKG,"Desempleo, total (% de la población activa total) (estimación modelado OIT)",SL.UEM.TOTL.ZS,4.2649998664856
Honduras,HND,"Desempleo, total (% de la población activa total) (estimación modelado OIT)",SL.UEM.TOTL.ZS,5.22900009155273
Países pobres muy endeudados (PPME),HPC,"Desempleo, total (% de la población activa total) (estimación modelado OIT)",SL.UEM.TOTL.ZS,4.47722491901363
Croacia,HRV,"Desempleo, total (% de la población activa total) (estimación modelado OIT)",SL.UEM.TOTL.ZS,7.11399984359741
Haití,HTI,"Desempleo, total (% de la población activa total) (estimación modelado OIT)",SL.UEM.TOTL.ZS,13.914999961853
Hungría,HUN,"Desempleo, total (% de la población activa total) (estimación modelado OIT)",SL.UEM.TOTL.ZS,3.46000003814697
Sólo BIRF,IBD,"Desempleo, total (% de la población activa total) (estimación modelado OIT)",SL.UEM.TOTL.ZS,5.80174491890037
BIRF y la AIF,IBT,"Desempleo, total (% de la población activa total) (estimación modelado OIT)",SL.UEM.TOTL.ZS,5.55263906862965
total de la AIF,IDA,"Desempleo, total (% de la población activa total) (estimación modelado OIT)",SL.UEM.TOTL.ZS,4.72001030830951
mezcla de la AIF,IDB,"Desempleo, total (% de la población activa total) (estimación modelado OIT)",SL.UEM.TOTL.ZS,5.42547043814063
Indonesia,IDN,"Desempleo, total (% de la población activa total) (estimación modelado OIT)",SL.UEM.TOTL.ZS,4.83500003814697
Sólo AIF,IDX,"Desempleo, total (% de la población activa total) (estimación modelado OIT)",SL.UEM.TOTL.ZS,4.41004753408605
Isla de Man,IMN,"Desempleo, total (% de la población activa total) (estimación modelado OIT)",SL.UEM.TOTL.ZS,
India,IND,"Desempleo, total (% de la población activa total) (estimación modelado OIT)",SL.UEM.TOTL.ZS,5.39900016784668
No clasificado,INX,"Desempleo, total (% de la población activa total) (estimación modelado OIT)",SL.UEM.TOTL.ZS,
Irlanda,IRL,"Desempleo, total (% de la población activa total) (estimación modelado OIT)",SL.UEM.TOTL.ZS,5.15799999237061
"Irán, República Islámica del",IRN,"Desempleo, total (% de la población activa total) (estimación modelado OIT)",SL.UEM.TOTL.ZS,11.1809997558594
Iraq,IRQ,"Desempleo, total (% de la población activa total) (estimación modelado OIT)",SL.UEM.TOTL.ZS,12.8249998092651
Islandia,ISL,"Desempleo, total (% de la población activa total) (estimación modelado OIT)",SL.UEM.TOTL.ZS,3.22199988365173
Israel,ISR,"Desempleo, total (% de la población activa total) (estimación modelado OIT)",SL.UEM.TOTL.ZS,3.77900004386902
Italia,ITA,"Desempleo, total (% de la población activa total) (estimación modelado OIT)",SL.UEM.TOTL.ZS,9.83600044250488
Jamaica,JAM,"Desempleo, total (% de la población activa total) (estimación modelado OIT)",SL.UEM.TOTL.ZS,7.94999980926514
Jordania,JOR,"Desempleo, total (% de la población activa total) (estimación modelado OIT)",SL.UEM.TOTL.ZS,14.6129999160767
Japón,JPN,"Desempleo, total (% de la población activa total) (estimación modelado OIT)",SL.UEM.TOTL.ZS,2.33899998664856
Kazajstán,KAZ,"Desempleo, total (% de la población activa total) (estimación modelado OIT)",SL.UEM.TOTL.ZS,4.55100011825562
Kenya,KEN,"Desempleo, total (% de la población activa total) (estimación modelado OIT)",SL.UEM.TOTL.ZS,2.64599990844727
Kirguistán,KGZ,"Desempleo, total (% de la población activa total) (estimación modelado OIT)",SL.UEM.TOTL.ZS,6.64300012588501
Camboya,KHM,"Desempleo, total (% de la población activa total) (estimación modelado OIT)",SL.UEM.TOTL.ZS,0.695999979972839
Kiribati,KIR,"Desempleo, total (% de la población activa total) (estimación modelado OIT)",SL.UEM.TOTL.ZS,
Saint Kitts y Nevis,KNA,"Desempleo, total (% de la población activa total) (estimación modelado OIT)",SL.UEM.TOTL.ZS,
"Corea, República de",KOR,"Desempleo, total (% de la población activa total) (estimación modelado OIT)",SL.UEM.TOTL.ZS,4.59700012207031
Kuwait,KWT,"Desempleo, total (% de la población activa total) (estimación modelado OIT)",SL.UEM.TOTL.ZS,2.30299997329712
América Latina y el Caribe (excluido altos ingresos),LAC,"Desempleo, total (% de la población activa total) (estimación modelado OIT)",SL.UEM.TOTL.ZS,8.20861332444909
República Democrática Popular Lao,LAO,"Desempleo, total (% de la población activa total) (estimación modelado OIT)",SL.UEM.TOTL.ZS,0.601999998092651
Líbano,LBN,"Desempleo, total (% de la población activa total) (estimación modelado OIT)",SL.UEM.TOTL.ZS,6.27600002288818
Liberia,LBR,"Desempleo, total (% de la población activa total) (estimación modelado OIT)",SL.UEM.TOTL.ZS,2.72499990463257
Libia,LBY,"Desempleo, total (% de la población activa total) (estimación modelado OIT)",SL.UEM.TOTL.ZS,18.6259994506836
Santa Lucía,LCA,"Desempleo, total (% de la población activa total) (estimación modelado OIT)",SL.UEM.TOTL.ZS,20.1499996185303
América Latina y el Caribe,LCN,"Desempleo, total (% de la población activa total) (estimación modelado OIT)",SL.UEM.TOTL.ZS,8.14154048747691
Países menos desarrollados: clasificación de las Naciones Unidas,LDC,"Desempleo, total (% de la población activa total) (estimación modelado OIT)",SL.UEM.TOTL.ZS,4.36338732172391
Países de ingreso bajo,LIC,"Desempleo, total (% de la población activa total) (estimación modelado OIT)",SL.UEM.TOTL.ZS,4.91397718489189
Liechtenstein,LIE,"Desempleo, total (% de la población activa total) (estimación modelado OIT)",SL.UEM.TOTL.ZS,
Sri Lanka,LKA,"Desempleo, total (% de la población activa total) (estimación modelado OIT)",SL.UEM.TOTL.ZS,4.17799997329712
Países de ingreso mediano bajo,LMC,"Desempleo, total (% de la población activa total) (estimación modelado OIT)",SL.UEM.TOTL.ZS,5.13224518550779
Ingreso mediano y bajo,LMY,"Desempleo, total (% de la población activa total) (estimación modelado OIT)",SL.UEM.TOTL.ZS,5.55321214951568
Lesotho,LSO,"Desempleo, total (% de la población activa total) (estimación modelado OIT)",SL.UEM.TOTL.ZS,22.8309993743896
avanzada del dividendo demográfico,LTE,"Desempleo, total (% de la población activa total) (estimación modelado OIT)",SL.UEM.TOTL.ZS,5.08484507035162
Lituania,LTU,"Desempleo, total (% de la población activa total) (estimación modelado OIT)",SL.UEM.TOTL.ZS,6.26100015640259
Luxemburgo,LUX,"Desempleo, total (% de la población activa total) (estimación modelado OIT)",SL.UEM.TOTL.ZS,5.24399995803833
Letonia,LVA,"Desempleo, total (% de la población activa total) (estimación modelado OIT)",SL.UEM.TOTL.ZS,6.53299999237061
"Región Administrativa Especial de Macao, China",MAC,"Desempleo, total (% de la población activa total) (estimación modelado OIT)",SL.UEM.TOTL.ZS,2.50500011444092
Isla de San Martín (parte francesa),MAF,"Desempleo, total (% de la población activa total) (estimación modelado OIT)",SL.UEM.TOTL.ZS,
Marruecos,MAR,"Desempleo, total (% de la población activa total) (estimación modelado OIT)",SL.UEM.TOTL.ZS,8.95499992370605
Mónaco,MCO,"Desempleo, total (% de la población activa total) (estimación modelado OIT)",SL.UEM.TOTL.ZS,
República de Moldova,MDA,"Desempleo, total (% de la población activa total) (estimación modelado OIT)",SL.UEM.TOTL.ZS,5.36499977111816
Madagascar,MDG,"Desempleo, total (% de la población activa total) (estimación modelado OIT)",SL.UEM.TOTL.ZS,1.83299994468689
Maldivas,MDV,"Desempleo, total (% de la población activa total) (estimación modelado OIT)",SL.UEM.TOTL.ZS,6.43400001525879
Oriente Medio y Norte de África,MEA,"Desempleo, total (% de la población activa total) (estimación modelado OIT)",SL.UEM.TOTL.ZS,9.63661229792738
México,MEX,"Desempleo, total (% de la población activa total) (estimación modelado OIT)",SL.UEM.TOTL.ZS,3.65400004386902
Islas Marshall,MHL,"Desempleo, total (% de la población activa total) (estimación modelado OIT)",SL.UEM.TOTL.ZS,
 Ingreso mediano,MIC,"Desempleo, total (% de la población activa total) (estimación modelado OIT)",SL.UEM.TOTL.ZS,5.61950069110664
Macedonia del Norte,MKD,"Desempleo, total (% de la población activa total) (estimación modelado OIT)",SL.UEM.TOTL.ZS,16.4389991760254
Malí,MLI,"Desempleo, total (% de la población activa total) (estimación modelado OIT)",SL.UEM.TOTL.ZS,7.34100008010864
Malta,MLT,"Desempleo, total (% de la población activa total) (estimación modelado OIT)",SL.UEM.TOTL.ZS,3.36700010299683
Myanmar,MMR,"Desempleo, total (% de la población activa total) (estimación modelado OIT)",SL.UEM.TOTL.ZS,1.71099996566772
Oriente Medio y Norte de África (excluido altos ingresos),MNA,"Desempleo, total (% de la población activa total) (estimación modelado OIT)",SL.UEM.TOTL.ZS,11.2963070823083
Montenegro,MNE,"Desempleo, total (% de la población activa total) (estimación modelado OIT)",SL.UEM.TOTL.ZS,14.7559995651245
Mongolia,MNG,"Desempleo, total (% de la población activa total) (estimación modelado OIT)",SL.UEM.TOTL.ZS,5.94600009918213
Mariana,MNP,"Desempleo, total (% de la población activa total) (estimación modelado OIT)",SL.UEM.TOTL.ZS,
Mozambique,MOZ,"Desempleo, total (% de la población activa total) (estimación modelado OIT)",SL.UEM.TOTL.ZS,3.24200010299683
Mauritania,MRT,"Desempleo, total (% de la población activa total) (estimación modelado OIT)",SL.UEM.TOTL.ZS,9.61400032043457
Mauricio,MUS,"Desempleo, total (% de la población activa total) (estimación modelado OIT)",SL.UEM.TOTL.ZS,6.68900012969971
Malawi,MWI,"Desempleo, total (% de la población activa total) (estimación modelado OIT)",SL.UEM.TOTL.ZS,5.67399978637695
Malasia,MYS,"Desempleo, total (% de la población activa total) (estimación modelado OIT)",SL.UEM.TOTL.ZS,3.37800002098084
América del Norte,NAC,"Desempleo, total (% de la población activa total) (estimación modelado OIT)",SL.UEM.TOTL.ZS,4.03348775970365
Namibia,NAM,"Desempleo, total (% de la población activa total) (estimación modelado OIT)",SL.UEM.TOTL.ZS,20.5869998931885
Nueva Caledonia,NCL,"Desempleo, total (% de la población activa total) (estimación modelado OIT)",SL.UEM.TOTL.ZS,12.7810001373291
Níger,NER,"Desempleo, total (% de la población activa total) (estimación modelado OIT)",SL.UEM.TOTL.ZS,0.485000014305115
Nigeria,NGA,"Desempleo, total (% de la población activa total) (estimación modelado OIT)",SL.UEM.TOTL.ZS,7.96000003814697
Nicaragua,NIC,"Desempleo, total (% de la población activa total) (estimación modelado OIT)",SL.UEM.TOTL.ZS,7.35500001907349
Países Bajos,NLD,"Desempleo, total (% de la población activa total) (estimación modelado OIT)",SL.UEM.TOTL.ZS,2.97499990463257
Noruega,NOR,"Desempleo, total (% de la población activa total) (estimación modelado OIT)",SL.UEM.TOTL.ZS,3.30999994277954
Nepal,NPL,"Desempleo, total (% de la población activa total) (estimación modelado OIT)",SL.UEM.TOTL.ZS,1.46599996089935
Nauru,NRU,"Desempleo, total (% de la población activa total) (estimación modelado OIT)",SL.UEM.TOTL.ZS,
Nueva Zelandia,NZL,"Desempleo, total (% de la población activa total) (estimación modelado OIT)",SL.UEM.TOTL.ZS,4.01300001144409
Miembros OCDE,OED,"Desempleo, total (% de la población activa total) (estimación modelado OIT)",SL.UEM.TOTL.ZS,5.36552249897889
Omán,OMN,"Desempleo, total (% de la población activa total) (estimación modelado OIT)",SL.UEM.TOTL.ZS,2.5460000038147
Otros Estados pequeos,OSS,"Desempleo, total (% de la población activa total) (estimación modelado OIT)",SL.UEM.TOTL.ZS,9.21416266714274
Pakistán,PAK,"Desempleo, total (% de la población activa total) (estimación modelado OIT)",SL.UEM.TOTL.ZS,4.44500017166138
Panamá,PAN,"Desempleo, total (% de la población activa total) (estimación modelado OIT)",SL.UEM.TOTL.ZS,3.82500004768372
Perú,PER,"Desempleo, total (% de la población activa total) (estimación modelado OIT)",SL.UEM.TOTL.ZS,3.19600009918213
Filipinas,PHL,"Desempleo, total (% de la población activa total) (estimación modelado OIT)",SL.UEM.TOTL.ZS,2.16400003433228
Palau,PLW,"Desempleo, total (% de la población activa total) (estimación modelado OIT)",SL.UEM.TOTL.ZS,
Papua Nueva Guinea,PNG,"Desempleo, total (% de la población activa total) (estimación modelado OIT)",SL.UEM.TOTL.ZS,2.48699998855591
Polonia,POL,"Desempleo, total (% de la población activa total) (estimación modelado OIT)",SL.UEM.TOTL.ZS,3.03999996185303
previa al dividendo demográfico,PRE,"Desempleo, total (% de la población activa total) (estimación modelado OIT)",SL.UEM.TOTL.ZS,5.67989730393441
Puerto Rico,PRI,"Desempleo, total (% de la población activa total) (estimación modelado OIT)",SL.UEM.TOTL.ZS,8.41399955749512
"Corea, República Popular Democrática de",PRK,"Desempleo, total (% de la población activa total) (estimación modelado OIT)",SL.UEM.TOTL.ZS,2.76399993896484
Portugal,PRT,"Desempleo, total (% de la población activa total) (estimación modelado OIT)",SL.UEM.TOTL.ZS,5.93300008773804
Paraguay,PRY,"Desempleo, total (% de la población activa total) (estimación modelado OIT)",SL.UEM.TOTL.ZS,4.83599996566772
Ribera Occidental y Gaza,PSE,"Desempleo, total (% de la población activa total) (estimación modelado OIT)",SL.UEM.TOTL.ZS,26.0979995727539
Estados pequeos de las Islas del Pacfico,PSS,"Desempleo, total (% de la población activa total) (estimación modelado OIT)",SL.UEM.TOTL.ZS,2.94394233250475
posterior al dividendo demográfico,PST,"Desempleo, total (% de la población activa total) (estimación modelado OIT)",SL.UEM.TOTL.ZS,5.03006408935155
Polinesia Francesa,PYF,"Desempleo, total (% de la población activa total) (estimación modelado OIT)",SL.UEM.TOTL.ZS,11.9340000152588
Qatar,QAT,"Desempleo, total (% de la población activa total) (estimación modelado OIT)",SL.UEM.TOTL.ZS,0.0820000022649765
Rumania,ROU,"Desempleo, total (% de la población activa total) (estimación modelado OIT)",SL.UEM.TOTL.ZS,3.92199993133545
Federación de Rusia,RUS,"Desempleo, total (% de la población activa total) (estimación modelado OIT)",SL.UEM.TOTL.ZS,4.42500019073486
Rwanda,RWA,"Desempleo, total (% de la población activa total) (estimación modelado OIT)",SL.UEM.TOTL.ZS,1.04100000858307
Asia meridional,SAS,"Desempleo, total (% de la población activa total) (estimación modelado OIT)",SL.UEM.TOTL.ZS,5.14020280427423
Arabia Saudita,SAU,"Desempleo, total (% de la población activa total) (estimación modelado OIT)",SL.UEM.TOTL.ZS,5.85799980163574
Sudán,SDN,"Desempleo, total (% de la población activa total) (estimación modelado OIT)",SL.UEM.TOTL.ZS,16.6180000305176
Senegal,SEN,"Desempleo, total (% de la población activa total) (estimación modelado OIT)",SL.UEM.TOTL.ZS,6.67600011825562
Singapur,SGP,"Desempleo, total (% de la población activa total) (estimación modelado OIT)",SL.UEM.TOTL.ZS,4.38000011444092
Islas Salomón,SLB,"Desempleo, total (% de la población activa total) (estimación modelado OIT)",SL.UEM.TOTL.ZS,0.541999995708466
Sierra Leona,SLE,"Desempleo, total (% de la población activa total) (estimación modelado OIT)",SL.UEM.TOTL.ZS,4.44099998474121
El Salvador,SLV,"Desempleo, total (% de la población activa total) (estimación modelado OIT)",SL.UEM.TOTL.ZS,4.19600009918213
San Marino,SMR,"Desempleo, total (% de la población activa total) (estimación modelado OIT)",SL.UEM.TOTL.ZS,
Somalia,SOM,"Desempleo, total (% de la población activa total) (estimación modelado OIT)",SL.UEM.TOTL.ZS,11.3999996185303
Serbia,SRB,"Desempleo, total (% de la población activa total) (estimación modelado OIT)",SL.UEM.TOTL.ZS,12.7220001220703
África al sur del Sahara (excluido altos ingresos),SSA,"Desempleo, total (% de la población activa total) (estimación modelado OIT)",SL.UEM.TOTL.ZS,6.17504091737915
Sudán del Sur,SSD,"Desempleo, total (% de la población activa total) (estimación modelado OIT)",SL.UEM.TOTL.ZS,12.2569999694824
África al sur del Sahara,SSF,"Desempleo, total (% de la población activa total) (estimación modelado OIT)",SL.UEM.TOTL.ZS,6.1757565375143
Pequeños Estados,SST,"Desempleo, total (% de la población activa total) (estimación modelado OIT)",SL.UEM.TOTL.ZS,8.70297486331893
Santo Tomé y Príncipe,STP,"Desempleo, total (% de la población activa total) (estimación modelado OIT)",SL.UEM.TOTL.ZS,13.6709995269775
Suriname,SUR,"Desempleo, total (% de la población activa total) (estimación modelado OIT)",SL.UEM.TOTL.ZS,7.47200012207031
República Eslovaca,SVK,"Desempleo, total (% de la población activa total) (estimación modelado OIT)",SL.UEM.TOTL.ZS,5.10400009155273
Eslovenia,SVN,"Desempleo, total (% de la población activa total) (estimación modelado OIT)",SL.UEM.TOTL.ZS,3.80200004577637
Suecia,SWE,"Desempleo, total (% de la población activa total) (estimación modelado OIT)",SL.UEM.TOTL.ZS,6.67399978637695
Eswatini,SWZ,"Desempleo, total (% de la población activa total) (estimación modelado OIT)",SL.UEM.TOTL.ZS,21.9710006713867
Sint Maarten (Dutch part),SXM,"Desempleo, total (% de la población activa total) (estimación modelado OIT)",SL.UEM.TOTL.ZS,
Seychelles,SYC,"Desempleo, total (% de la población activa total) (estimación modelado OIT)",SL.UEM.TOTL.ZS,
República Árabe Siria,SYR,"Desempleo, total (% de la población activa total) (estimación modelado OIT)",SL.UEM.TOTL.ZS,8.44799995422363
Islas Turcas y Caicos,TCA,"Desempleo, total (% de la población activa total) (estimación modelado OIT)",SL.UEM.TOTL.ZS,
Chad,TCD,"Desempleo, total (% de la población activa total) (estimación modelado OIT)",SL.UEM.TOTL.ZS,1.942999958992
Asia oriental y el Pacífico (BIRF y la AIF),TEA,"Desempleo, total (% de la población activa total) (estimación modelado OIT)",SL.UEM.TOTL.ZS,3.96903235258785
Europa y Asia central (BIRF y la AIF),TEC,"Desempleo, total (% de la población activa total) (estimación modelado OIT)",SL.UEM.TOTL.ZS,6.8602548393151
Togo,TGO,"Desempleo, total (% de la población activa total) (estimación modelado OIT)",SL.UEM.TOTL.ZS,2.00500011444092
Tailandia,THA,"Desempleo, total (% de la población activa total) (estimación modelado OIT)",SL.UEM.TOTL.ZS,0.802999973297119
Tayikistán,TJK,"Desempleo, total (% de la población activa total) (estimación modelado OIT)",SL.UEM.TOTL.ZS,10.9890003204346
Turkmenistán,TKM,"Desempleo, total (% de la población activa total) (estimación modelado OIT)",SL.UEM.TOTL.ZS,4.07100009918213
América Latina y el Caribe (BIRF y la AIF),TLA,"Desempleo, total (% de la población activa total) (estimación modelado OIT)",SL.UEM.TOTL.ZS,8.24417712880356
Timor-Leste,TLS,"Desempleo, total (% de la población activa total) (estimación modelado OIT)",SL.UEM.TOTL.ZS,4.60300016403198
Oriente Medio y Norte de África (BIRF y la AIF),TMN,"Desempleo, total (% de la población activa total) (estimación modelado OIT)",SL.UEM.TOTL.ZS,11.1343922073086
Tonga,TON,"Desempleo, total (% de la población activa total) (estimación modelado OIT)",SL.UEM.TOTL.ZS,1.15699994564056
Asia meridional (BIRF y la AIF),TSA,"Desempleo, total (% de la población activa total) (estimación modelado OIT)",SL.UEM.TOTL.ZS,5.14020280427423
África al sur del Sahara (BIRF y la AIF),TSS,"Desempleo, total (% de la población activa total) (estimación modelado OIT)",SL.UEM.TOTL.ZS,6.1757565375143
Trinidad y Tobago,TTO,"Desempleo, total (% de la población activa total) (estimación modelado OIT)",SL.UEM.TOTL.ZS,2.79500007629395
Túnez,TUN,"Desempleo, total (% de la población activa total) (estimación modelado OIT)",SL.UEM.TOTL.ZS,16.1539993286133
Turquía,TUR,"Desempleo, total (% de la población activa total) (estimación modelado OIT)",SL.UEM.TOTL.ZS,12.9409999847412
Tuvalu,TUV,"Desempleo, total (% de la población activa total) (estimación modelado OIT)",SL.UEM.TOTL.ZS,
Tanzanía,TZA,"Desempleo, total (% de la población activa total) (estimación modelado OIT)",SL.UEM.TOTL.ZS,1.98099994659424
Uganda,UGA,"Desempleo, total (% de la población activa total) (estimación modelado OIT)",SL.UEM.TOTL.ZS,1.9190000295639
Ucrania,UKR,"Desempleo, total (% de la población activa total) (estimación modelado OIT)",SL.UEM.TOTL.ZS,8.93400001525879
Ingreso mediano alto,UMC,"Desempleo, total (% de la población activa total) (estimación modelado OIT)",SL.UEM.TOTL.ZS,5.99534672799202
Uruguay,URY,"Desempleo, total (% de la población activa total) (estimación modelado OIT)",SL.UEM.TOTL.ZS,8.77700042724609
Estados Unidos,USA,"Desempleo, total (% de la población activa total) (estimación modelado OIT)",SL.UEM.TOTL.ZS,3.86199998855591
Uzbekistán,UZB,"Desempleo, total (% de la población activa total) (estimación modelado OIT)",SL.UEM.TOTL.ZS,6.08199977874756
San Vicente y las Granadinas,VCT,"Desempleo, total (% de la población activa total) (estimación modelado OIT)",SL.UEM.TOTL.ZS,18.8700008392334
Venezuela,VEN,"Desempleo, total (% de la población activa total) (estimación modelado OIT)",SL.UEM.TOTL.ZS,9.38099956512451
Islas Vírgenes Británicas,VGB,"Desempleo, total (% de la población activa total) (estimación modelado OIT)",SL.UEM.TOTL.ZS,
Islas Vírgenes (EE.UU.),VIR,"Desempleo, total (% de la población activa total) (estimación modelado OIT)",SL.UEM.TOTL.ZS,8.75899982452393
Viet Nam,VNM,"Desempleo, total (% de la población activa total) (estimación modelado OIT)",SL.UEM.TOTL.ZS,2.0220000743866
Vanuatu,VUT,"Desempleo, total (% de la población activa total) (estimación modelado OIT)",SL.UEM.TOTL.ZS,4.40799999237061
Mundo,WLD,"Desempleo, total (% de la población activa total) (estimación modelado OIT)",SL.UEM.TOTL.ZS,5.42015261583785
Samoa,WSM,"Desempleo, total (% de la población activa total) (estimación modelado OIT)",SL.UEM.TOTL.ZS,8.35499954223633
Kosovo,XKX,"Desempleo, total (% de la población activa total) (estimación modelado OIT)",SL.UEM.TOTL.ZS,
"Yemen, Rep. del",YEM,"Desempleo, total (% de la población activa total) (estimación modelado OIT)",SL.UEM.TOTL.ZS,12.8299999237061
Sudáfrica,ZAF,"Desempleo, total (% de la población activa total) (estimación modelado OIT)",SL.UEM.TOTL.ZS,28.4769992828369
Zambia,ZMB,"Desempleo, total (% de la población activa total) (estimación modelado OIT)",SL.UEM.TOTL.ZS,11.4119997024536
Zimbabwe,ZWE,"Desempleo, total (% de la población activa total) (estimación modelado OIT)",SL.UEM.TOTL.ZS,4.99100017547607
